{
  "robot": "u20",
  "xml_path": "/home/user2/GMR/general_motion_retargeting/../assets/u20/u20.xml",
  "qpos": [
    0.0,
    0.0,
    0.0,
    1.0,
    0.0,
    0.0,
    0.0,
    0.0,
    0.0,
    0.0,
    0.0,
    0.0,
    0.0,
    0.0,
    0.0,
    0.0,
    0.0,
    1.57,
    0.0,
    1.57,
    0.0,
    0.0,
    0.0,
    -1.57,
    0.0,
    -1.57,
    0.0,
    0.0,
    0.0
  ],
  "links": {
    "base_link": {
      "pos": [
        0.0,
        0.0,
        0.0
      ],
      "R": [
        [
          1.0,
          0.0,
          0.0
        ],
        [
          0.0,
          1.0,
          0.0
        ],
        [
          0.0,
          0.0,
          1.0
        ]
      ]
    },
    "head_link": {
      "pos": [
        0.0,
        0.0,
        0.5535
      ],
      "R": [
        [
          1.0,
          0.0,
          0.0
        ],
        [
          0.0,
          1.0,
          0.0
        ],
        [
          0.0,
          0.0,
          1.0
        ]
      ]
    },
    "larm1_link": {
      "pos": [
        0.0,
        0.29,
        0.5715
      ],
      "R": [
        [
          1.0,
          0.0,
          0.0
        ],
        [
          0.0,
          0.0007963267107333194,
          -0.9999996829318347
        ],
        [
          0.0,
          0.9999996829318347,
          0.0007963267107333194
        ]
      ]
    },
    "larm4_link": {
      "pos": [
        -1.3322676295501878e-17,
        0.67758030613387,
        0.6721913913757063
      ],
      "R": [
        [
          0.0007963267107332639,
          -0.9999996829318347,
          5.551115123125783e-17
        ],
        [
          0.0007963264582435126,
          6.341362301376385e-07,
          -0.9999996829318347
        ],
        [
          0.99999936586377,
          0.0007963264582435126,
          0.0007963267107333194
        ]
      ]
    },
    "larm5_link": {
      "pos": [
        -2.525757381022231e-17,
        0.8925802379642145,
        0.6720201811328986
      ],
      "R": [
        [
          0.0007963267107332639,
          -0.9999996829318347,
          5.551115123125783e-17
        ],
        [
          0.0007963264582435126,
          6.341362301376385e-07,
          -0.9999996829318347
        ],
        [
          0.99999936586377,
          0.0007963264582435126,
          0.0007963267107333194
        ]
      ]
    },
    "lleg2_link": {
      "pos": [
        0.0,
        0.201,
        0.0
      ],
      "R": [
        [
          1.0,
          0.0,
          0.0
        ],
        [
          0.0,
          1.0,
          0.0
        ],
        [
          0.0,
          0.0,
          1.0
        ]
      ]
    },
    "lleg4_link": {
      "pos": [
        0.001,
        0.201,
        -0.391
      ],
      "R": [
        [
          1.0,
          0.0,
          0.0
        ],
        [
          0.0,
          1.0,
          0.0
        ],
        [
          0.0,
          0.0,
          1.0
        ]
      ]
    },
    "lleg5_link": {
      "pos": [
        0.001,
        0.201,
        -0.841
      ],
      "R": [
        [
          1.0,
          0.0,
          0.0
        ],
        [
          0.0,
          1.0,
          0.0
        ],
        [
          0.0,
          0.0,
          1.0
        ]
      ]
    },
    "rarm1_link": {
      "pos": [
        0.0,
        -0.29,
        0.5715
      ],
      "R": [
        [
          1.0,
          -0.0,
          0.0
        ],
        [
          0.0,
          0.0007963267107333194,
          0.9999996829318347
        ],
        [
          -0.0,
          -0.9999996829318347,
          0.0007963267107333194
        ]
      ]
    },
    "rarm4_link": {
      "pos": [
        -1.3322676295501878e-17,
        -0.67758030613387,
        0.6721913913757063
      ],
      "R": [
        [
          0.0007963267107332639,
          0.9999996829318347,
          5.551115123125783e-17
        ],
        [
          -0.0007963264582435126,
          6.341362301376385e-07,
          0.9999996829318347
        ],
        [
          0.99999936586377,
          -0.0007963264582435126,
          0.0007963267107333194
        ]
      ]
    },
    "rarm5_link": {
      "pos": [
        -2.525757381022231e-17,
        -0.8925802379642145,
        0.6720201811328986
      ],
      "R": [
        [
          0.0007963267107332639,
          0.9999996829318347,
          5.551115123125783e-17
        ],
        [
          -0.0007963264582435126,
          6.341362301376385e-07,
          0.9999996829318347
        ],
        [
          0.99999936586377,
          -0.0007963264582435126,
          0.0007963267107333194
        ]
      ]
    },
    "rleg2_link": {
      "pos": [
        0.0,
        -0.201,
        0.0
      ],
      "R": [
        [
          1.0,
          0.0,
          0.0
        ],
        [
          0.0,
          1.0,
          0.0
        ],
        [
          0.0,
          0.0,
          1.0
        ]
      ]
    },
    "rleg4_link": {
      "pos": [
        0.001,
        -0.201,
        -0.391
      ],
      "R": [
        [
          1.0,
          0.0,
          0.0
        ],
        [
          0.0,
          1.0,
          0.0
        ],
        [
          0.0,
          0.0,
          1.0
        ]
      ]
    },
    "rleg5_link": {
      "pos": [
        0.001,
        -0.201,
        -0.841
      ],
      "R": [
        [
          1.0,
          0.0,
          0.0
        ],
        [
          0.0,
          1.0,
          0.0
        ],
        [
          0.0,
          0.0,
          1.0
        ]
      ]
    }
  }
}