{
  "robot": "engineai_pm01",
  "xml_path": "/home/user2/GMR/general_motion_retargeting/../assets/engineai_pm01/pm_v2.xml",
  "qpos": [
    0.0,
    0.0,
    0.82,
    1.0,
    0.0,
    0.0,
    0.0,
    0.0,
    0.0,
    0.0,
    0.0,
    0.0,
    0.0,
    0.0,
    0.0,
    0.0,
    0.0,
    0.0,
    0.0,
    0.0,
    0.0,
    1.5708,
    0.0,
    -0.1,
    0.0,
    0.0,
    -1.5708,
    0.0,
    0.1,
    0.0,
    0.0
  ],
  "links": {
    "LINK_ANKLE_ROLL_L": {
      "pos": [
        -0.020756000000000007,
        0.124296274,
        0.04494999999999995
      ],
      "R": [
        [
          1.0,
          0.0,
          0.0
        ],
        [
          0.0,
          1.0,
          0.0
        ],
        [
          0.0,
          0.0,
          1.0
        ]
      ]
    },
    "LINK_ANKLE_ROLL_R": {
      "pos": [
        -0.020756000000000007,
        -0.124295774,
        0.04494999999999995
      ],
      "R": [
        [
          1.0,
          0.0,
          0.0
        ],
        [
          0.0,
          1.0,
          0.0
        ],
        [
          0.0,
          0.0,
          1.0
        ]
      ]
    },
    "LINK_BASE": {
      "pos": [
        0.0,
        0.0,
        0.82
      ],
      "R": [
        [
          1.0,
          0.0,
          0.0
        ],
        [
          0.0,
          1.0,
          0.0
        ],
        [
          0.0,
          0.0,
          1.0
        ]
      ]
    },
    "LINK_ELBOW_END_L": {
      "pos": [
        0.014277928653050723,
        0.5236559842186271,
        1.129392750803705
      ],
      "R": [
        [
          0.9950042023564526,
          0.00628343270415898,
          -0.09963511312008255
        ],
        [
          -0.09963679966542371,
          -4.482933696553721e-05,
          -0.9950238721471775
        ],
        [
          -0.00625663211572814,
          0.9999802580370188,
          0.0005814557468858971
        ]
      ]
    },
    "LINK_ELBOW_END_R": {
      "pos": [
        -0.0166719705668641,
        -0.5264093481255457,
        1.1295613388093255
      ],
      "R": [
        [
          0.9950042023564386,
          0.00628214368315818,
          0.09963519440323901
        ],
        [
          -0.09963688060152925,
          -4.4765265300623046e-05,
          0.9950238640455149
        ],
        [
          0.006255343078015917,
          -0.9999802661386947,
          0.0005813915729867619
        ]
      ]
    },
    "LINK_ELBOW_PITCH_L": {
      "pos": [
        -0.014945000000000007,
        0.3711029109441656,
        1.1197970428180761
      ],
      "R": [
        [
          0.9950042023564526,
          0.00628343270415898,
          -0.09963511312008255
        ],
        [
          -0.09963679966542371,
          -4.482933696553721e-05,
          -0.9950238721471775
        ],
        [
          -0.00625663211572814,
          0.9999802580370188,
          0.0005814557468858971
        ]
      ]
    },
    "LINK_ELBOW_PITCH_R": {
      "pos": [
        -0.014945000000000007,
        -0.3711029109529813,
        1.119794642818076
      ],
      "R": [
        [
          0.9950042023564386,
          0.00628214368315818,
          0.09963519440323901
        ],
        [
          -0.09963688060152925,
          -4.4765265300623046e-05,
          0.9950238640455149
        ],
        [
          0.006255343078015917,
          -0.9999802661386947,
          0.0005813915729867619
        ]
      ]
    },
    "LINK_HIP_ROLL_L": {
      "pos": [
        0.06341,
        0.1255,
        0.745566
      ],
      "R": [
        [
          1.0,
          0.0,
          0.0
        ],
        [
          0.0,
          1.0,
          0.0
        ],
        [
          0.0,
          0.0,
          1.0
        ]
      ]
    },
    "LINK_HIP_ROLL_R": {
      "pos": [
        0.06341,
        -0.125501,
        0.745566
      ],
      "R": [
        [
          1.0,
          0.0,
          0.0
        ],
        [
          0.0,
          1.0,
          0.0
        ],
        [
          0.0,
          0.0,
          1.0
        ]
      ]
    },
    "LINK_KNEE_PITCH_L": {
      "pos": [
        0.0059999999999999915,
        0.123876334,
        0.42299999999999993
      ],
      "R": [
        [
          1.0,
          0.0,
          0.0
        ],
        [
          0.0,
          1.0,
          0.0
        ],
        [
          0.0,
          0.0,
          1.0
        ]
      ]
    },
    "LINK_KNEE_PITCH_R": {
      "pos": [
        0.0059999999999999915,
        -0.123875834,
        0.42299999999999993
      ],
      "R": [
        [
          1.0,
          0.0,
          0.0
        ],
        [
          0.0,
          1.0,
          0.0
        ],
        [
          0.0,
          0.0,
          1.0
        ]
      ]
    },
    "LINK_SHOULDER_ROLL_L": {
      "pos": [
        -0.052045,
        0.196101,
        1.095552
      ],
      "R": [
        [
          0.9999999999999999,
          0.0,
          0.0
        ],
        [
          0.0,
          -3.673205103305044e-06,
          -0.9999999999932537
        ],
        [
          0.0,
          0.9999999999932537,
          -3.673205103305044e-06
        ]
      ]
    },
    "LINK_SHOULDER_ROLL_R": {
      "pos": [
        -0.052045,
        -0.196101,
        1.095552
      ],
      "R": [
        [
          0.9999999999999999,
          -0.0,
          0.0
        ],
        [
          0.0,
          -3.673205103305044e-06,
          0.9999999999932537
        ],
        [
          -0.0,
          -0.9999999999932537,
          -3.673205103305044e-06
        ]
      ]
    },
    "LINK_TORSO_YAW": {
      "pos": [
        0.01216,
        0.0,
        0.9008999999999999
      ],
      "R": [
        [
          1.0,
          0.0,
          0.0
        ],
        [
          0.0,
          1.0,
          0.0
        ],
        [
          0.0,
          0.0,
          1.0
        ]
      ]
    }
  }
}