{
  "robot": "fourier_n1",
  "xml_path": "/home/user2/GMR/general_motion_retargeting/../assets/fourier_n1/n1_mocap.xml",
  "qpos": [
    0.0,
    0.0,
    0.7,
    1.0,
    0.0,
    0.0,
    0.0,
    0.0,
    0.0,
    0.0,
    0.0,
    0.0,
    0.0,
    0.0,
    0.0,
    0.0,
    0.0,
    0.0,
    0.0,
    0.0,
    0.0,
    1.57,
    0.0,
    1.57,
    0.0,
    0.0,
    -1.57,
    0.0,
    1.57,
    0.0
  ],
  "links": {
    "base_link": {
      "pos": [
        0.0,
        0.0,
        0.7
      ],
      "R": [
        [
          1.0,
          0.0,
          0.0
        ],
        [
          0.0,
          1.0,
          0.0
        ],
        [
          0.0,
          0.0,
          1.0
        ]
      ]
    },
    "left_end_effector_link": {
      "pos": [
        0.00016411671710976866,
        0.5906498027233149,
        0.985069524467359
      ],
      "R": [
        [
          0.9999996795443055,
          5.068645156369733e-17,
          -0.000800569351754969
        ],
        [
          -0.0008005690979199134,
          0.0007963267107332652,
          -0.9999993624762418
        ],
        [
          6.375147585461734e-07,
          0.9999996829318349,
          0.0007963264555458358
        ]
      ]
    },
    "left_foot_pitch_link": {
      "pos": [
        0.0,
        0.1199996672699223,
        0.04500005777721022
      ],
      "R": [
        [
          0.9999999999999998,
          0.0,
          0.0
        ],
        [
          0.0,
          0.9999999999999998,
          0.0
        ],
        [
          0.0,
          0.0,
          0.9999999999999998
        ]
      ]
    },
    "left_lower_arm_pitch_link": {
      "pos": [
        0.0,
        0.3856499334156853,
        0.9852327713907458
      ],
      "R": [
        [
          0.9999996795443055,
          5.068645156369733e-17,
          -0.000800569351754969
        ],
        [
          -0.0008005690979199134,
          0.0007963267107332652,
          -0.9999993624762418
        ],
        [
          6.375147585461734e-07,
          0.9999996829318349,
          0.0007963264555458358
        ]
      ]
    },
    "left_shank_pitch_link": {
      "pos": [
        0.0,
        0.1199996672699223,
        0.3250000577772102
      ],
      "R": [
        [
          0.9999999999999998,
          0.0,
          0.0
        ],
        [
          0.0,
          0.9999999999999998,
          0.0
        ],
        [
          0.0,
          0.0,
          0.9999999999999998
        ]
      ]
    },
    "left_thigh_roll_link": {
      "pos": [
        0.0,
        0.1199996672699223,
        0.6140000577772101
      ],
      "R": [
        [
          0.9999999999999998,
          0.0,
          0.0
        ],
        [
          0.0,
          0.9999999999999998,
          0.0
        ],
        [
          0.0,
          0.0,
          0.9999999999999998
        ]
      ]
    },
    "left_upper_arm_roll_link": {
      "pos": [
        0.0,
        0.17565,
        0.9853999999999998
      ],
      "R": [
        [
          1.0,
          0.0,
          0.0
        ],
        [
          0.0,
          0.0007963267107333194,
          -0.9999996829318347
        ],
        [
          0.0,
          0.9999996829318347,
          0.0007963267107333194
        ]
      ]
    },
    "right_end_effector_link": {
      "pos": [
        0.00016411671710976866,
        -0.5906498027233149,
        0.985069524467359
      ],
      "R": [
        [
          0.9999996795443055,
          -5.068645156369733e-17,
          -0.000800569351754969
        ],
        [
          0.0008005690979199134,
          0.0007963267107332652,
          0.9999993624762418
        ],
        [
          6.375147585461734e-07,
          -0.9999996829318349,
          0.0007963264555458358
        ]
      ]
    },
    "right_foot_pitch_link": {
      "pos": [
        0.0,
        -0.1199996672699223,
        0.04500005777721022
      ],
      "R": [
        [
          0.9999999999999998,
          0.0,
          0.0
        ],
        [
          0.0,
          0.9999999999999998,
          0.0
        ],
        [
          0.0,
          0.0,
          0.9999999999999998
        ]
      ]
    },
    "right_lower_arm_pitch_link": {
      "pos": [
        0.0,
        -0.3856499334156853,
        0.9852327713907458
      ],
      "R": [
        [
          0.9999996795443055,
          -5.068645156369733e-17,
          -0.000800569351754969
        ],
        [
          0.0008005690979199134,
          0.0007963267107332652,
          0.9999993624762418
        ],
        [
          6.375147585461734e-07,
          -0.9999996829318349,
          0.0007963264555458358
        ]
      ]
    },
    "right_shank_pitch_link": {
      "pos": [
        0.0,
        -0.1199996672699223,
        0.3250000577772102
      ],
      "R": [
        [
          0.9999999999999998,
          0.0,
          0.0
        ],
        [
          0.0,
          0.9999999999999998,
          0.0
        ],
        [
          0.0,
          0.0,
          0.9999999999999998
        ]
      ]
    },
    "right_thigh_roll_link": {
      "pos": [
        0.0,
        -0.1199996672699223,
        0.6140000577772101
      ],
      "R": [
        [
          0.9999999999999998,
          0.0,
          0.0
        ],
        [
          0.0,
          0.9999999999999998,
          0.0
        ],
        [
          0.0,
          0.0,
          0.9999999999999998
        ]
      ]
    },
    "right_upper_arm_roll_link": {
      "pos": [
        0.0,
        -0.17565,
        0.9853999999999998
      ],
      "R": [
        [
          1.0,
          -0.0,
          0.0
        ],
        [
          0.0,
          0.0007963267107333194,
          0.9999996829318347
        ],
        [
          -0.0,
          -0.9999996829318347,
          0.0007963267107333194
        ]
      ]
    },
    "torso_link": {
      "pos": [
        0.0,
        0.0,
        0.9853999999999998
      ],
      "R": [
        [
          1.0,
          0.0,
          0.0
        ],
        [
          0.0,
          1.0,
          0.0
        ],
        [
          0.0,
          0.0,
          1.0
        ]
      ]
    }
  }
}