{
  "robot": "tienkung",
  "xml_path": "/home/user2/GMR/general_motion_retargeting/../assets/tienkung/mjcf/tienkung.xml",
  "qpos": [
    0.0,
    0.0,
    1.0,
    1.0,
    0.0,
    0.0,
    0.0,
    0.0,
    0.0,
    0.0,
    0.0,
    0.0,
    0.0,
    0.0,
    0.0,
    0.0,
    0.0,
    0.0,
    0.0,
    0.0,
    1.5708,
    0.0,
    -0.1,
    0.0,
    -1.5708,
    0.0,
    0.1
  ],
  "links": {
    "Base_link": {
      "pos": [
        0.0,
        0.0,
        1.0
      ],
      "R": [
        [
          1.0,
          0.0,
          0.0
        ],
        [
          0.0,
          1.0,
          0.0
        ],
        [
          0.0,
          0.0,
          1.0
        ]
      ]
    },
    "ankle_pitch_l_link": {
      "pos": [
        0.0,
        0.14995714999999998,
        0.06829999999999992
      ],
      "R": [
        [
          1.0,
          0.0,
          0.0
        ],
        [
          0.0,
          1.0,
          0.0
        ],
        [
          0.0,
          0.0,
          1.0
        ]
      ]
    },
    "ankle_pitch_r_link": {
      "pos": [
        0.0,
        -0.14890017,
        0.06829999999999992
      ],
      "R": [
        [
          1.0,
          0.0,
          0.0
        ],
        [
          0.0,
          1.0,
          0.0
        ],
        [
          0.0,
          0.0,
          1.0
        ]
      ]
    },
    "elbow_pitch_l_link": {
      "pos": [
        0.019997999999999995,
        0.49199664970865076,
        1.4075368769200163
      ],
      "R": [
        [
          0.9950041652780256,
          -6.938893903907228e-18,
          -0.09983341664682813
        ],
        [
          -0.0994534914838989,
          -0.08715904828211221,
          -0.991217586271661
        ],
        [
          -0.008701385581689113,
          0.9961944088894275,
          -0.0867236160823702
        ]
      ]
    },
    "elbow_pitch_r_link": {
      "pos": [
        0.020002999999999996,
        -0.49199664970865076,
        1.4075368769200163
      ],
      "R": [
        [
          0.9950041652780256,
          -6.938893903907228e-18,
          0.09983341664682813
        ],
        [
          -0.0994534914838989,
          -0.08715904828211221,
          0.991217586271661
        ],
        [
          0.008701385581689113,
          -0.9961944088894275,
          -0.0867236160823702
        ]
      ]
    },
    "head": {
      "pos": [
        0.0,
        0.0,
        1.6
      ],
      "R": [
        [
          1.0,
          0.0,
          0.0
        ],
        [
          0.0,
          1.0,
          0.0
        ],
        [
          0.0,
          0.0,
          1.0
        ]
      ]
    },
    "hip_yaw_l_link": {
      "pos": [
        0.0,
        0.14984999999999998,
        0.7696
      ],
      "R": [
        [
          1.0,
          0.0,
          0.0
        ],
        [
          0.0,
          1.0,
          0.0
        ],
        [
          0.0,
          0.0,
          1.0
        ]
      ]
    },
    "hip_yaw_r_link": {
      "pos": [
        0.0,
        -0.15,
        0.7696
      ],
      "R": [
        [
          1.0,
          0.0,
          0.0
        ],
        [
          0.0,
          1.0,
          0.0
        ],
        [
          0.0,
          0.0,
          1.0
        ]
      ]
    },
    "knee_pitch_l_link": {
      "pos": [
        0.0,
        0.14995714999999998,
        0.46829999999999994
      ],
      "R": [
        [
          1.0,
          0.0,
          0.0
        ],
        [
          0.0,
          1.0,
          0.0
        ],
        [
          0.0,
          0.0,
          1.0
        ]
      ]
    },
    "knee_pitch_r_link": {
      "pos": [
        0.0,
        -0.14964998,
        0.46829999999999994
      ],
      "R": [
        [
          1.0,
          0.0,
          0.0
        ],
        [
          0.0,
          1.0,
          0.0
        ],
        [
          0.0,
          0.0,
          1.0
        ]
      ]
    },
    "left_hand": {
      "pos": [
        0.049948024994048434,
        0.7893619255901491,
        1.4335539617447273
      ],
      "R": [
        [
          0.9950041652780256,
          -6.938893903907228e-18,
          -0.09983341664682813
        ],
        [
          -0.0994534914838989,
          -0.08715904828211221,
          -0.991217586271661
        ],
        [
          -0.008701385581689113,
          0.9961944088894275,
          -0.0867236160823702
        ]
      ]
    },
    "right_hand": {
      "pos": [
        -0.00994702499404844,
        -0.7893619255901491,
        1.4335539617447273
      ],
      "R": [
        [
          0.9950041652780256,
          -6.938893903907228e-18,
          0.09983341664682813
        ],
        [
          -0.0994534914838989,
          -0.08715904828211221,
          0.991217586271661
        ],
        [
          0.008701385581689113,
          -0.9961944088894275,
          -0.0867236160823702
        ]
      ]
    },
    "shoulder_roll_l_link": {
      "pos": [
        0.0,
        0.21306221521961105,
        1.383132343401025
      ],
      "R": [
        [
          0.9999999999999998,
          0.0,
          0.0
        ],
        [
          0.0,
          -0.08715904828211213,
          -0.9961944088894275
        ],
        [
          0.0,
          0.9961944088894275,
          -0.08715904828211213
        ]
      ]
    },
    "shoulder_roll_r_link": {
      "pos": [
        0.0,
        -0.21306221521961105,
        1.383132343401025
      ],
      "R": [
        [
          0.9999999999999998,
          -0.0,
          0.0
        ],
        [
          0.0,
          -0.08715904828211213,
          0.9961944088894275
        ],
        [
          -0.0,
          -0.9961944088894275,
          -0.08715904828211213
        ]
      ]
    }
  }
}