{
  "robot": "tienkung",
  "xml_path": "/home/user2/GMR/general_motion_retargeting/../assets/tienkung/mjcf/tienkung.xml",
  "qpos": [
    0.0,
    0.0,
    1.0,
    1.0,
    0.0,
    0.0,
    0.0,
    0.0,
    0.0,
    0.0,
    0.0,
    0.0,
    0.0,
    0.0,
    0.0,
    0.0,
    0.0,
    0.0,
    0.0,
    0.0,
    1.57,
    0.0,
    0.0,
    0.0,
    -1.57,
    0.0,
    0.0
  ],
  "links": {
    "Base_link": {
      "pos": [
        0.0,
        0.0,
        1.0
      ],
      "R": [
        [
          1.0,
          0.0,
          0.0
        ],
        [
          0.0,
          1.0,
          0.0
        ],
        [
          0.0,
          0.0,
          1.0
        ]
      ]
    },
    "ankle_pitch_l_link": {
      "pos": [
        0.0,
        0.14995714999999998,
        0.06829999999999992
      ],
      "R": [
        [
          1.0,
          0.0,
          0.0
        ],
        [
          0.0,
          1.0,
          0.0
        ],
        [
          0.0,
          0.0,
          1.0
        ]
      ]
    },
    "ankle_pitch_r_link": {
      "pos": [
        0.0,
        -0.14890017,
        0.06829999999999992
      ],
      "R": [
        [
          1.0,
          0.0,
          0.0
        ],
        [
          0.0,
          1.0,
          0.0
        ],
        [
          0.0,
          0.0,
          1.0
        ]
      ]
    },
    "elbow_pitch_l_link": {
      "pos": [
        0.019998,
        0.4920160840743692,
        1.4073137215867773
      ],
      "R": [
        [
          1.0,
          0.0,
          0.0
        ],
        [
          0.0,
          -0.08636206494911541,
          -0.9962638173384221
        ],
        [
          0.0,
          0.9962638173384221,
          -0.08636206494911541
        ]
      ]
    },
    "elbow_pitch_r_link": {
      "pos": [
        0.020003,
        -0.4920160840743692,
        1.4073137215867773
      ],
      "R": [
        [
          1.0,
          -0.0,
          0.0
        ],
        [
          0.0,
          -0.08636206494911541,
          0.9962638173384221
        ],
        [
          -0.0,
          -0.9962638173384221,
          -0.08636206494911541
        ]
      ]
    },
    "head": {
      "pos": [
        0.0,
        0.0,
        1.6
      ],
      "R": [
        [
          1.0,
          0.0,
          0.0
        ],
        [
          0.0,
          1.0,
          0.0
        ],
        [
          0.0,
          0.0,
          1.0
        ]
      ]
    },
    "hip_yaw_l_link": {
      "pos": [
        0.0,
        0.14984999999999998,
        0.7696
      ],
      "R": [
        [
          1.0,
          0.0,
          0.0
        ],
        [
          0.0,
          1.0,
          0.0
        ],
        [
          0.0,
          0.0,
          1.0
        ]
      ]
    },
    "hip_yaw_r_link": {
      "pos": [
        0.0,
        -0.15,
        0.7696
      ],
      "R": [
        [
          1.0,
          0.0,
          0.0
        ],
        [
          0.0,
          1.0,
          0.0
        ],
        [
          0.0,
          0.0,
          1.0
        ]
      ]
    },
    "knee_pitch_l_link": {
      "pos": [
        0.0,
        0.14995714999999998,
        0.46829999999999994
      ],
      "R": [
        [
          1.0,
          0.0,
          0.0
        ],
        [
          0.0,
          1.0,
          0.0
        ],
        [
          0.0,
          0.0,
          1.0
        ]
      ]
    },
    "knee_pitch_r_link": {
      "pos": [
        0.0,
        -0.14964998,
        0.46829999999999994
      ],
      "R": [
        [
          1.0,
          0.0,
          0.0
        ],
        [
          0.0,
          1.0,
          0.0
        ],
        [
          0.0,
          0.0,
          1.0
        ]
      ]
    },
    "left_hand": {
      "pos": [
        0.019998,
        0.7908952292758957,
        1.433222341071512
      ],
      "R": [
        [
          1.0,
          0.0,
          0.0
        ],
        [
          0.0,
          -0.08636206494911541,
          -0.9962638173384221
        ],
        [
          0.0,
          0.9962638173384221,
          -0.08636206494911541
        ]
      ]
    },
    "right_hand": {
      "pos": [
        0.020003,
        -0.7908952292758957,
        1.433222341071512
      ],
      "R": [
        [
          1.0,
          -0.0,
          0.0
        ],
        [
          0.0,
          -0.08636206494911541,
          0.9962638173384221
        ],
        [
          -0.0,
          -0.9962638173384221,
          -0.08636206494911541
        ]
      ]
    },
    "shoulder_roll_l_link": {
      "pos": [
        0.0,
        0.21306221521961105,
        1.383132343401025
      ],
      "R": [
        [
          1.0,
          0.0,
          0.0
        ],
        [
          0.0,
          -0.08636206494911541,
          -0.9962638173384221
        ],
        [
          0.0,
          0.9962638173384221,
          -0.08636206494911541
        ]
      ]
    },
    "shoulder_roll_r_link": {
      "pos": [
        0.0,
        -0.21306221521961105,
        1.383132343401025
      ],
      "R": [
        [
          1.0,
          -0.0,
          0.0
        ],
        [
          0.0,
          -0.08636206494911541,
          0.9962638173384221
        ],
        [
          -0.0,
          -0.9962638173384221,
          -0.08636206494911541
        ]
      ]
    }
  }
}