{
  "robot": "unitree_h1_2",
  "xml_path": "/home/user2/GMR/general_motion_retargeting/../assets/unitree_h1_2/h1_2_handless.xml",
  "qpos": [
    0.0,
    0.0,
    1.03,
    1.0,
    0.0,
    0.0,
    0.0,
    0.0,
    0.0,
    0.0,
    0.0,
    0.0,
    0.0,
    0.0,
    0.0,
    0.0,
    0.0,
    0.0,
    0.0,
    0.0,
    0.0,
    1.57,
    0.0,
    1.57,
    0.0,
    0.0,
    0.0,
    0.0,
    -1.57,
    0.0,
    1.57,
    0.0,
    0.0,
    0.0
  ],
  "links": {
    "left_ankle_roll_link": {
      "pos": [
        0.0,
        0.16299999999999998,
        0.04679999999999997
      ],
      "R": [
        [
          1.0,
          0.0,
          0.0
        ],
        [
          0.0,
          1.0,
          0.0
        ],
        [
          0.0,
          0.0,
          1.0
        ]
      ]
    },
    "left_elbow_link": {
      "pos": [
        0.005999999999999998,
        0.5371257338306006,
        1.4962189917979825
      ],
      "R": [
        [
          0.0007963267107332084,
          0.0,
          0.9999996829318344
        ],
        [
          0.9999993658637696,
          0.0007963267107332639,
          -0.000796326458243457
        ],
        [
          -0.000796326458243457,
          0.9999996829318344,
          6.341362301931497e-07
        ]
      ]
    },
    "left_hip_roll_link": {
      "pos": [
        0.0,
        0.16299999999999998,
        0.8668
      ],
      "R": [
        [
          1.0,
          0.0,
          0.0
        ],
        [
          0.0,
          1.0,
          0.0
        ],
        [
          0.0,
          0.0,
          1.0
        ]
      ]
    },
    "left_knee_link": {
      "pos": [
        0.0,
        0.16299999999999998,
        0.4668
      ],
      "R": [
        [
          1.0,
          0.0,
          0.0
        ],
        [
          0.0,
          1.0,
          0.0
        ],
        [
          0.0,
          0.0,
          1.0
        ]
      ]
    },
    "left_shoulder_roll_link": {
      "pos": [
        0.034199999999999994,
        0.20949963855334858,
        1.4635798788599614
      ],
      "R": [
        [
          0.9999999999999998,
          0.0,
          0.0
        ],
        [
          0.0,
          0.0007963267107332084,
          -0.9999996829318344
        ],
        [
          0.0,
          0.9999996829318344,
          0.0007963267107332084
        ]
      ]
    },
    "left_wrist_yaw_link": {
      "pos": [
        -0.004818434022203008,
        0.7651081496897976,
        1.4631374328215472
      ],
      "R": [
        [
          0.0007963267107332084,
          0.0,
          0.9999996829318344
        ],
        [
          0.9999993658637696,
          0.0007963267107332639,
          -0.000796326458243457
        ],
        [
          -0.000796326458243457,
          0.9999996829318344,
          6.341362301931497e-07
        ]
      ]
    },
    "pelvis": {
      "pos": [
        0.0,
        0.0,
        1.03
      ],
      "R": [
        [
          1.0,
          0.0,
          0.0
        ],
        [
          0.0,
          1.0,
          0.0
        ],
        [
          0.0,
          0.0,
          1.0
        ]
      ]
    },
    "right_ankle_roll_link": {
      "pos": [
        0.0,
        -0.16299999999999998,
        0.04679999999999997
      ],
      "R": [
        [
          1.0,
          0.0,
          0.0
        ],
        [
          0.0,
          1.0,
          0.0
        ],
        [
          0.0,
          0.0,
          1.0
        ]
      ]
    },
    "right_elbow_link": {
      "pos": [
        0.005999999999999998,
        -0.5371257338306006,
        1.4962189917979825
      ],
      "R": [
        [
          0.0007963267107332084,
          0.0,
          0.9999996829318344
        ],
        [
          -0.9999993658637696,
          0.0007963267107332639,
          0.000796326458243457
        ],
        [
          -0.000796326458243457,
          -0.9999996829318344,
          6.341362301931497e-07
        ]
      ]
    },
    "right_hip_roll_link": {
      "pos": [
        0.0,
        -0.16299999999999998,
        0.8668
      ],
      "R": [
        [
          1.0,
          0.0,
          0.0
        ],
        [
          0.0,
          1.0,
          0.0
        ],
        [
          0.0,
          0.0,
          1.0
        ]
      ]
    },
    "right_knee_link": {
      "pos": [
        0.0,
        -0.16299999999999998,
        0.4668
      ],
      "R": [
        [
          1.0,
          0.0,
          0.0
        ],
        [
          0.0,
          1.0,
          0.0
        ],
        [
          0.0,
          0.0,
          1.0
        ]
      ]
    },
    "right_shoulder_roll_link": {
      "pos": [
        0.034199999999999994,
        -0.20949963855334858,
        1.4635798788599614
      ],
      "R": [
        [
          0.9999999999999998,
          -0.0,
          0.0
        ],
        [
          0.0,
          0.0007963267107332084,
          0.9999996829318344
        ],
        [
          -0.0,
          -0.9999996829318344,
          0.0007963267107332084
        ]
      ]
    },
    "right_wrist_yaw_link": {
      "pos": [
        -0.004818434022203008,
        -0.7651081496897976,
        1.4631374328215472
      ],
      "R": [
        [
          0.0007963267107332084,
          0.0,
          0.9999996829318344
        ],
        [
          -0.9999993658637696,
          0.0007963267107332639,
          0.000796326458243457
        ],
        [
          -0.000796326458243457,
          -0.9999996829318344,
          6.341362301931497e-07
        ]
      ]
    },
    "torso_link": {
      "pos": [
        0.0,
        0.0,
        1.03
      ],
      "R": [
        [
          1.0,
          0.0,
          0.0
        ],
        [
          0.0,
          1.0,
          0.0
        ],
        [
          0.0,
          0.0,
          1.0
        ]
      ]
    }
  }
}