{
  "robot": "unitree_g1",
  "xml_path": "/home/user2/GMR/general_motion_retargeting/../assets/unitree_g1/g1_mocap_29dof.xml",
  "qpos": [
    0.0,
    0.0,
    0.793,
    1.0,
    0.0,
    0.0,
    0.0,
    0.0,
    0.0,
    0.0,
    0.0,
    0.0,
    0.0,
    0.0,
    0.0,
    0.0,
    0.0,
    0.0,
    0.0,
    0.0,
    0.0,
    0.0,
    0.0,
    1.57,
    0.0,
    1.57,
    0.0,
    0.0,
    0.0,
    0.0,
    -1.57,
    0.0,
    1.57,
    0.0,
    0.0,
    0.0
  ],
  "links": {
    "left_ankle_roll_link": {
      "pos": [
        -2.3309048882216854e-06,
        0.118506455,
        0.036136247577825256
      ],
      "R": [
        [
          1.0,
          0.0,
          0.0
        ],
        [
          0.0,
          1.0,
          0.0
        ],
        [
          0.0,
          0.0,
          1.0
        ]
      ]
    },
    "left_elbow_link": {
      "pos": [
        0.01581890845863753,
        0.3242799694575441,
        1.0880648704996978
      ],
      "R": [
        [
          0.0009878760183908708,
          5.509023438327043e-05,
          0.9999995105328998
        ],
        [
          0.9999992398561721,
          0.0007377725090869924,
          -0.000987916395076005
        ],
        [
          -0.0007378265725173638,
          0.9999997263283583,
          -5.436136473799258e-05
        ]
      ]
    },
    "left_hip_roll_link": {
      "pos": [
        0.0,
        0.116452,
        0.6598350000000001
      ],
      "R": [
        [
          0.9847439475280368,
          -0.0,
          -0.17400964860288382
        ],
        [
          0.0,
          1.0,
          -0.0
        ],
        [
          0.17400964860288382,
          0.0,
          0.9847439475280368
        ]
      ]
    },
    "left_knee_link": {
      "pos": [
        -2.3309048882216854e-06,
        0.1186009,
        0.35370424757782526
      ],
      "R": [
        [
          1.0,
          0.0,
          0.0
        ],
        [
          0.0,
          1.0,
          0.0
        ],
        [
          0.0,
          0.0,
          1.0
        ]
      ]
    },
    "left_shoulder_roll_link": {
      "pos": [
        3.739393053122482e-07,
        0.1405604429931495,
        1.0819612834921013
      ],
      "R": [
        [
          0.9999999801369498,
          5.5090234383152836e-05,
          -0.00019154938420944064
        ],
        [
          -0.0001915899764289088,
          0.0007377725090870542,
          -0.999999709492461
        ],
        [
          -5.494889850922212e-05,
          0.9999997263283583,
          0.0007377830491693486
        ]
      ]
    },
    "left_wrist_yaw_link": {
      "pos": [
        0.006000786546096847,
        0.5082911016031282,
        1.0898175635073346
      ],
      "R": [
        [
          0.0009878760183908708,
          5.509023438327043e-05,
          0.9999995105328998
        ],
        [
          0.9999992398561721,
          0.0007377725090869924,
          -0.000987916395076005
        ],
        [
          -0.0007378265725173638,
          0.9999997263283583,
          -5.436136473799258e-05
        ]
      ]
    },
    "pelvis": {
      "pos": [
        0.0,
        0.0,
        0.793
      ],
      "R": [
        [
          1.0,
          0.0,
          0.0
        ],
        [
          0.0,
          1.0,
          0.0
        ],
        [
          0.0,
          0.0,
          1.0
        ]
      ]
    },
    "right_ankle_roll_link": {
      "pos": [
        -2.3309048882216854e-06,
        -0.118506455,
        0.036136247577825256
      ],
      "R": [
        [
          1.0,
          0.0,
          0.0
        ],
        [
          0.0,
          1.0,
          0.0
        ],
        [
          0.0,
          0.0,
          1.0
        ]
      ]
    },
    "right_elbow_link": {
      "pos": [
        0.01581890845863753,
        -0.32426996945754416,
        1.0880648704996978
      ],
      "R": [
        [
          0.0009878760183908708,
          -5.509023438327043e-05,
          0.9999995105328998
        ],
        [
          -0.9999992398561721,
          0.0007377725090869924,
          0.000987916395076005
        ],
        [
          -0.0007378265725173638,
          -0.9999997263283583,
          -5.436136473799258e-05
        ]
      ]
    },
    "right_hip_roll_link": {
      "pos": [
        0.0,
        -0.116452,
        0.6598350000000001
      ],
      "R": [
        [
          0.9847439475280368,
          -0.0,
          -0.17400964860288382
        ],
        [
          0.0,
          1.0,
          -0.0
        ],
        [
          0.17400964860288382,
          0.0,
          0.9847439475280368
        ]
      ]
    },
    "right_knee_link": {
      "pos": [
        -2.3309048882216854e-06,
        -0.1186009,
        0.35370424757782526
      ],
      "R": [
        [
          1.0,
          0.0,
          0.0
        ],
        [
          0.0,
          1.0,
          0.0
        ],
        [
          0.0,
          0.0,
          1.0
        ]
      ]
    },
    "right_shoulder_roll_link": {
      "pos": [
        3.739393053122482e-07,
        -0.14055044299314948,
        1.0819612834921013
      ],
      "R": [
        [
          0.9999999801369498,
          -5.5090234383152836e-05,
          -0.00019154938420944064
        ],
        [
          0.0001915899764289088,
          0.0007377725090870542,
          0.999999709492461
        ],
        [
          -5.494889850922212e-05,
          -0.9999997263283583,
          0.0007377830491693486
        ]
      ]
    },
    "right_wrist_yaw_link": {
      "pos": [
        0.006000786546096847,
        -0.5082811016031282,
        1.0898175635073346
      ],
      "R": [
        [
          0.0009878760183908708,
          -5.509023438327043e-05,
          0.9999995105328998
        ],
        [
          -0.9999992398561721,
          0.0007377725090869924,
          0.000987916395076005
        ],
        [
          -0.0007378265725173638,
          -0.9999997263283583,
          -5.436136473799258e-05
        ]
      ]
    },
    "torso_link": {
      "pos": [
        -0.0039635,
        0.0,
        0.8370000000000001
      ],
      "R": [
        [
          1.0,
          0.0,
          0.0
        ],
        [
          0.0,
          1.0,
          0.0
        ],
        [
          0.0,
          0.0,
          1.0
        ]
      ]
    }
  }
}