{
  "robot": "unitree_g1",
  "xml_path": "/home/user2/GMR/general_motion_retargeting/../assets/unitree_g1/g1_mocap_29dof.xml",
  "qpos": [
    0.0,
    0.0,
    0.793,
    1.0,
    0.0,
    0.0,
    0.0,
    0.0,
    0.0,
    0.0,
    0.0,
    0.0,
    0.0,
    0.0,
    0.0,
    0.0,
    0.0,
    0.0,
    0.0,
    0.0,
    0.0,
    0.0,
    0.0,
    1.5708,
    0.0,
    1.57,
    0.0,
    0.0,
    0.0,
    0.0,
    -1.5708,
    0.0,
    1.57,
    0.0,
    0.0,
    0.0
  ],
  "links": {
    "left_ankle_roll_link": {
      "pos": [
        -2.3309048882216854e-06,
        0.118506455,
        0.036136247577825256
      ],
      "R": [
        [
          1.0,
          0.0,
          0.0
        ],
        [
          0.0,
          1.0,
          0.0
        ],
        [
          0.0,
          0.0,
          1.0
        ]
      ]
    },
    "left_elbow_link": {
      "pos": [
        0.015818915587905245,
        0.32427502710197414,
        1.0882118465733852
      ],
      "R": [
        [
          0.0009879200292641221,
          5.4936977263442266e-05,
          0.9999995104978527
        ],
        [
          0.9999995100741407,
          -6.222740926070669e-05,
          -0.0009879166102580994
        ],
        [
          6.217310564787804e-05,
          0.9999999965548393,
          -5.499842605233285e-05
        ]
      ]
    },
    "left_hip_yaw_link": {
      "pos": [
        0.04621766101673839,
        0.116452,
        0.5419589964575409
      ],
      "R": [
        [
          0.9847439475280368,
          -0.0,
          -0.17400964860288382
        ],
        [
          0.0,
          1.0,
          -0.0
        ],
        [
          0.17400964860288382,
          0.0,
          0.9847439475280368
        ]
      ]
    },
    "left_knee_link": {
      "pos": [
        -2.3309048882216854e-06,
        0.1186009,
        0.35370424757782526
      ],
      "R": [
        [
          1.0,
          0.0,
          0.0
        ],
        [
          0.0,
          1.0,
          0.0
        ],
        [
          0.0,
          0.0,
          1.0
        ]
      ]
    },
    "left_shoulder_yaw_link": {
      "pos": [
        2.048918441738824e-05,
        0.24376005260024086,
        1.088207704252893
      ],
      "R": [
        [
          0.9999999801369499,
          5.493697726325677e-05,
          -0.00019159339509644644
        ],
        [
          -0.0001915899764289088,
          -6.222740926051763e-05,
          -0.9999999797105152
        ],
        [
          -5.494889850922209e-05,
          0.9999999965548392,
          -6.221688265031254e-05
        ]
      ]
    },
    "left_wrist_yaw_link": {
      "pos": [
        0.006000801484380062,
        0.5082846986419703,
        1.090111746402581
      ],
      "R": [
        [
          0.0009879200292641221,
          5.4936977263442266e-05,
          0.9999995104978527
        ],
        [
          0.9999995100741407,
          -6.222740926070669e-05,
          -0.0009879166102580994
        ],
        [
          6.217310564787804e-05,
          0.9999999965548393,
          -5.499842605233285e-05
        ]
      ]
    },
    "pelvis": {
      "pos": [
        0.0,
        0.0,
        0.793
      ],
      "R": [
        [
          1.0,
          0.0,
          0.0
        ],
        [
          0.0,
          1.0,
          0.0
        ],
        [
          0.0,
          0.0,
          1.0
        ]
      ]
    },
    "right_ankle_roll_link": {
      "pos": [
        -2.3309048882216854e-06,
        -0.118506455,
        0.036136247577825256
      ],
      "R": [
        [
          1.0,
          0.0,
          0.0
        ],
        [
          0.0,
          1.0,
          0.0
        ],
        [
          0.0,
          0.0,
          1.0
        ]
      ]
    },
    "right_elbow_link": {
      "pos": [
        0.015818915587905245,
        -0.32426502710197413,
        1.0882118465733852
      ],
      "R": [
        [
          0.0009879200292641221,
          -5.4936977263442266e-05,
          0.9999995104978527
        ],
        [
          -0.9999995100741407,
          -6.222740926070669e-05,
          0.0009879166102580994
        ],
        [
          6.217310564787804e-05,
          -0.9999999965548393,
          -5.499842605233285e-05
        ]
      ]
    },
    "right_hip_yaw_link": {
      "pos": [
        0.04621766101673839,
        -0.116452,
        0.5419589964575409
      ],
      "R": [
        [
          0.9847439475280368,
          -0.0,
          -0.17400964860288382
        ],
        [
          0.0,
          1.0,
          -0.0
        ],
        [
          0.17400964860288382,
          0.0,
          0.9847439475280368
        ]
      ]
    },
    "right_knee_link": {
      "pos": [
        -2.3309048882216854e-06,
        -0.1186009,
        0.35370424757782526
      ],
      "R": [
        [
          1.0,
          0.0,
          0.0
        ],
        [
          0.0,
          1.0,
          0.0
        ],
        [
          0.0,
          0.0,
          1.0
        ]
      ]
    },
    "right_shoulder_yaw_link": {
      "pos": [
        2.048918441738824e-05,
        -0.24375005260024085,
        1.088207704252893
      ],
      "R": [
        [
          0.9999999801369499,
          -5.493697726325677e-05,
          -0.00019159339509644644
        ],
        [
          0.0001915899764289088,
          -6.222740926051763e-05,
          0.9999999797105152
        ],
        [
          -5.494889850922209e-05,
          -0.9999999965548392,
          -6.221688265031254e-05
        ]
      ]
    },
    "right_wrist_yaw_link": {
      "pos": [
        0.006000801484380062,
        -0.5082746986419704,
        1.090111746402581
      ],
      "R": [
        [
          0.0009879200292641221,
          -5.4936977263442266e-05,
          0.9999995104978527
        ],
        [
          -0.9999995100741407,
          -6.222740926070669e-05,
          0.0009879166102580994
        ],
        [
          6.217310564787804e-05,
          -0.9999999965548393,
          -5.499842605233285e-05
        ]
      ]
    },
    "torso_link": {
      "pos": [
        -0.0039635,
        0.0,
        0.8370000000000001
      ],
      "R": [
        [
          1.0,
          0.0,
          0.0
        ],
        [
          0.0,
          1.0,
          0.0
        ],
        [
          0.0,
          0.0,
          1.0
        ]
      ]
    }
  }
}