{
  "robot": "v11",
  "xml_path": "/home/user2/GMR/general_motion_retargeting/../assets/v11/v11.xml",
  "qpos": [
    0.0,
    0.0,
    0.0,
    1.0,
    0.0,
    0.0,
    0.0,
    0.0,
    0.0,
    0.0,
    0.0,
    0.0,
    0.0,
    0.0,
    0.0,
    0.0,
    0.0,
    0.0,
    0.0,
    0.0,
    0.0,
    0.0,
    0.0,
    1.57,
    0.0,
    1.57,
    0.0,
    0.0,
    0.0,
    0.0,
    -1.57,
    0.0,
    1.57,
    0.0,
    0.0,
    0.0
  ],
  "links": {
    "base_link": {
      "pos": [
        0.0,
        0.0,
        0.0
      ],
      "R": [
        [
          1.0,
          0.0,
          0.0
        ],
        [
          0.0,
          1.0,
          0.0
        ],
        [
          0.0,
          0.0,
          1.0
        ]
      ]
    },
    "left_ankle_roll_link": {
      "pos": [
        -0.0010000000000000009,
        0.11668993820935604,
        -0.8019764068711478
      ],
      "R": [
        [
          1.0,
          0.0,
          0.0
        ],
        [
          0.0,
          1.0,
          0.0
        ],
        [
          0.0,
          0.0,
          1.0
        ]
      ]
    },
    "left_elbow_link": {
      "pos": [
        0.00677966,
        0.4280999250133789,
        0.4548116687329116
      ],
      "R": [
        [
          0.0007963267107332639,
          5.551115123125783e-17,
          0.9999996829318347
        ],
        [
          0.99999936586377,
          0.0007963267107333194,
          -0.0007963264582435126
        ],
        [
          -0.0007963264582435126,
          0.9999996829318347,
          6.341362301376385e-07
        ]
      ]
    },
    "left_hip_roll_link": {
      "pos": [
        -0.001,
        0.11618993820935604,
        -0.16697640687114784
      ],
      "R": [
        [
          1.0,
          0.0,
          0.0
        ],
        [
          0.0,
          1.0,
          0.0
        ],
        [
          0.0,
          0.0,
          1.0
        ]
      ]
    },
    "left_knee_link": {
      "pos": [
        -0.016,
        0.11618993820935604,
        -0.4479764068711478
      ],
      "R": [
        [
          1.0,
          0.0,
          0.0
        ],
        [
          0.0,
          1.0,
          0.0
        ],
        [
          0.0,
          0.0,
          1.0
        ]
      ]
    },
    "left_shoulder_roll_link": {
      "pos": [
        0.0,
        0.1916,
        0.455
      ],
      "R": [
        [
          1.0,
          0.0,
          0.0
        ],
        [
          0.0,
          0.0007963267107333194,
          -0.9999996829318347
        ],
        [
          0.0,
          0.9999996829318347,
          0.0007963267107333194
        ]
      ]
    },
    "left_wrist_yaw_link": {
      "pos": [
        -0.0020503213936449594,
        0.6416084695841684,
        0.45654164672442105
      ],
      "R": [
        [
          0.0007963267107332639,
          5.551115123125783e-17,
          0.9999996829318347
        ],
        [
          0.99999936586377,
          0.0007963267107333194,
          -0.0007963264582435126
        ],
        [
          -0.0007963264582435126,
          0.9999996829318347,
          6.341362301376385e-07
        ]
      ]
    },
    "right_ankle_roll_link": {
      "pos": [
        -0.0010000000000000009,
        -0.11668993820935604,
        -0.8019764068711478
      ],
      "R": [
        [
          1.0,
          0.0,
          0.0
        ],
        [
          0.0,
          1.0,
          0.0
        ],
        [
          0.0,
          0.0,
          1.0
        ]
      ]
    },
    "right_elbow_link": {
      "pos": [
        0.00677966,
        -0.4280999250133789,
        0.4548116687329116
      ],
      "R": [
        [
          0.0007963267107332639,
          -5.551115123125783e-17,
          0.9999996829318347
        ],
        [
          -0.99999936586377,
          0.0007963267107333194,
          0.0007963264582435126
        ],
        [
          -0.0007963264582435126,
          -0.9999996829318347,
          6.341362301376385e-07
        ]
      ]
    },
    "right_hip_roll_link": {
      "pos": [
        -0.001,
        -0.11618993820935604,
        -0.16697640687114784
      ],
      "R": [
        [
          1.0,
          0.0,
          0.0
        ],
        [
          0.0,
          1.0,
          0.0
        ],
        [
          0.0,
          0.0,
          1.0
        ]
      ]
    },
    "right_knee_link": {
      "pos": [
        -0.016,
        -0.11618993820935604,
        -0.4479764068711478
      ],
      "R": [
        [
          1.0,
          0.0,
          0.0
        ],
        [
          0.0,
          1.0,
          0.0
        ],
        [
          0.0,
          0.0,
          1.0
        ]
      ]
    },
    "right_shoulder_roll_link": {
      "pos": [
        0.0,
        -0.1916,
        0.455
      ],
      "R": [
        [
          1.0,
          -0.0,
          0.0
        ],
        [
          0.0,
          0.0007963267107333194,
          0.9999996829318347
        ],
        [
          -0.0,
          -0.9999996829318347,
          0.0007963267107333194
        ]
      ]
    },
    "right_wrist_yaw_link": {
      "pos": [
        -0.0020503213936449594,
        -0.6416084695841684,
        0.45654164672442105
      ],
      "R": [
        [
          0.0007963267107332639,
          -5.551115123125783e-17,
          0.9999996829318347
        ],
        [
          -0.99999936586377,
          0.0007963267107333194,
          0.0007963264582435126
        ],
        [
          -0.0007963264582435126,
          -0.9999996829318347,
          6.341362301376385e-07
        ]
      ]
    },
    "waist_yaw_link": {
      "pos": [
        0.0,
        0.0,
        0.0
      ],
      "R": [
        [
          1.0,
          0.0,
          0.0
        ],
        [
          0.0,
          1.0,
          0.0
        ],
        [
          0.0,
          0.0,
          1.0
        ]
      ]
    }
  }
}